model,condition,total_tracks,eligible_tracks,stable_tracks,stable_rate_percent,auc5,cumulative_rate_t0_percent,cumulative_rate_t1_percent,cumulative_rate_t2_percent,cumulative_rate_t3_percent,cumulative_rate_t5_percent,red_tracks,mean_longest_complete_red_miss_seconds
yolov8n,clean,515,434,380,87.55760368663594,71.56233441445136,54.83870967741935,61.75115207373272,71.19815668202764,76.49769585253456,82.71889400921658,198,1.0106262956002745
yolo11n,clean,515,434,370,85.25345622119816,70.81697707901353,53.91705069124424,61.52073732718894,71.19815668202764,75.57603686635944,81.5668202764977,198,0.8976745581386065
yolo12n,clean,515,434,386,88.94009216589862,71.8531000888842,54.14746543778802,61.29032258064516,72.11981566820276,77.1889400921659,83.17972350230414,198,0.8768887459629714
yolov8n,fog_l1,515,434,342,78.80184331797236,58.78061142934632,35.944700460829495,45.16129032258065,58.294930875576036,65.89861751152074,72.11981566820276,198,1.4075945977008704
yolo11n,fog_l1,515,434,355,81.79723502304148,60.75620774299868,34.7926267281106,47.69585253456221,59.90783410138249,68.66359447004608,76.036866359447,198,1.284339635059087
yolo12n,fog_l1,515,434,345,79.49308755760369,57.26306319786107,34.33179723502304,44.00921658986175,57.37327188940092,63.36405529953917,71.6589861751152,198,1.459409783584903
yolov8n,fog_l2,515,434,281,64.74654377880184,42.44021056434526,21.658986175115206,28.571428571428573,41.705069124423964,49.07834101382488,57.83410138248848,198,2.2008729077348805
yolo11n,fog_l2,515,434,298,68.66359447004608,46.042635265033915,23.963133640552996,31.10599078341014,44.00921658986175,53.225806451612904,61.29032258064516,198,1.8571887365495316
yolo12n,fog_l2,515,434,288,66.3594470046083,44.189418812501266,21.889400921658986,30.64516129032258,42.857142857142854,51.382488479262676,58.755760368663594,198,2.0458501998824303
yolov8n,fog_l3,515,434,201,46.31336405529954,26.583764838732883,11.290322580645162,16.129032258064516,24.65437788018433,32.25806451612903,39.1705069124424,198,2.816768280183426
yolo11n,fog_l3,515,434,244,56.22119815668203,35.69657247736707,17.741935483870968,24.88479262672811,32.02764976958525,41.474654377880185,49.07834101382488,198,2.258902812244916
yolo12n,fog_l3,515,434,220,50.69124423963134,30.826504658993485,13.36405529953917,19.35483870967742,28.110599078341014,37.327188940092164,44.23963133640553,198,2.706131012752803
yolov8n,lowlight_l1,515,434,366,84.33179723502305,66.48705928556382,48.15668202764977,54.3778801843318,66.58986175115207,71.88940092165899,79.03225806451613,198,1.165864034132524
yolo11n,lowlight_l1,515,434,359,82.71889400921658,66.4512588681164,48.15668202764977,58.294930875576036,65.43778801843318,70.96774193548387,78.57142857142857,198,1.0774232606695155
yolo12n,lowlight_l1,515,434,370,85.25345622119816,68.22123312181041,49.76958525345622,58.064516129032256,67.28110599078342,73.27188940092167,81.33640552995392,198,1.0631330735755689
yolov8n,lowlight_l2,515,434,306,70.50691244239631,52.08316306364701,34.10138248847926,42.3963133640553,52.30414746543779,56.91244239631337,63.36405529953917,198,1.829875865367928
yolo11n,lowlight_l2,515,434,317,73.04147465437788,54.59465984924597,35.483870967741936,45.6221198156682,54.14746543778802,59.21658986175115,66.3594470046083,198,1.6008618082663026
yolo12n,lowlight_l2,515,434,309,71.19815668202764,52.478261257646274,32.71889400921659,42.62672811059908,52.534562211981566,57.83410138248848,63.824884792626726,198,1.714419505812905
yolov8n,lowlight_l3,515,434,180,41.474654377880185,27.442225541936637,16.359447004608295,20.967741935483872,26.036866359447004,30.4147465437788,35.944700460829495,198,2.983807112231399
yolo11n,lowlight_l3,515,434,211,48.617511520737324,33.08074085393809,19.5852534562212,25.57603686635945,31.566820276497698,37.096774193548384,43.08755760368663,198,2.8243403519042816
yolo12n,lowlight_l3,515,434,202,46.54377880184332,28.78160779926634,12.672811059907835,19.81566820276498,26.95852534562212,33.64055299539171,39.63133640552996,198,2.9738484488593206
yolov8n,motionblur_l1,515,434,375,86.40552995391705,70.06756547409269,51.84331797235023,59.90783410138249,70.73732718894009,74.88479262672811,81.33640552995392,198,1.0613857796697905
yolo11n,motionblur_l1,515,434,373,85.9447004608295,69.86049583980015,50.92165898617512,60.36866359447004,69.35483870967742,74.65437788018433,81.33640552995392,198,0.9627625556907269
yolo12n,motionblur_l1,515,434,381,87.78801843317973,71.34412338107413,53.225806451612904,60.8294930875576,71.6589861751152,76.72811059907833,82.71889400921658,198,0.9380209927607064
yolov8n,motionblur_l2,515,434,328,75.57603686635944,51.53726496454758,25.806451612903224,38.94009216589862,51.61290322580645,58.755760368663594,67.28110599078342,198,2.1708749737402404
yolo11n,motionblur_l2,515,434,340,78.3410138248848,53.760821676474016,26.497695852534562,39.86175115207373,53.68663594470046,61.05990783410138,71.88940092165899,198,1.8672824483929258
yolo12n,motionblur_l2,515,434,333,76.72811059907833,50.290231484971294,21.19815668202765,34.10138248847926,48.15668202764977,59.44700460829493,70.50691244239631,198,2.073797926758275
yolov8n,motionblur_l3,515,434,161,37.096774193548384,16.235612998909666,4.377880184331797,7.6036866359447,13.133640552995391,18.663594470046082,28.341013824884794,198,3.8820292997841883
yolo11n,motionblur_l3,515,434,190,43.77880184331797,18.927538790461103,5.0691244239631335,8.986175115207374,15.898617511520737,22.350230414746544,32.71889400921659,198,3.5939546173269097
yolo12n,motionblur_l3,515,434,145,33.41013824884793,11.180099331288842,2.304147465437788,4.147465437788019,8.294930875576037,13.36405529953917,22.580645161290324,198,4.010709769798048
