condition,parameter_family,parameter_value,confidence,iou,window_seconds,model,eligible_tracks,auc5,stable_rate_percent
fog_l3,confidence,0.1,0.1,0.5,2.0,yolov8n,434,34.6225070843499,57.37327188940092
fog_l3,confidence,0.1,0.1,0.5,2.0,yolo11n,434,44.267853449017224,64.74654377880184
fog_l3,confidence,0.1,0.1,0.5,2.0,yolo12n,434,38.41188228624759,58.755760368663594
fog_l3,confidence,0.25,0.25,0.5,2.0,yolov8n,434,26.5837648387329,46.31336405529954
fog_l3,confidence,0.25,0.25,0.5,2.0,yolo11n,434,35.69657247736708,56.22119815668203
fog_l3,confidence,0.25,0.25,0.5,2.0,yolo12n,434,30.82650465899348,50.69124423963134
fog_l3,confidence,0.5,0.5,0.5,2.0,yolov8n,434,15.106868623039139,32.48847926267281
fog_l3,confidence,0.5,0.5,0.5,2.0,yolo11n,434,21.731280390568042,41.935483870967744
fog_l3,confidence,0.5,0.5,0.5,2.0,yolo12n,434,17.009043924270138,36.175115207373274
fog_l3,iou,0.3,0.25,0.3,2.0,yolov8n,434,26.977435026300686,47.004608294930875
fog_l3,iou,0.3,0.25,0.3,2.0,yolo11n,434,35.863230755801595,56.22119815668203
fog_l3,iou,0.3,0.25,0.3,2.0,yolo12n,434,31.055593402704336,50.69124423963134
fog_l3,iou,0.4,0.25,0.4,2.0,yolov8n,434,26.977435026300686,47.004608294930875
fog_l3,iou,0.4,0.25,0.4,2.0,yolo11n,434,35.863230755801595,56.22119815668203
fog_l3,iou,0.4,0.25,0.4,2.0,yolo12n,434,31.034179766606627,50.69124423963134
fog_l3,iou,0.5,0.25,0.5,2.0,yolov8n,434,26.5837648387329,46.31336405529954
fog_l3,iou,0.5,0.25,0.5,2.0,yolo11n,434,35.69657247736708,56.22119815668203
fog_l3,iou,0.5,0.25,0.5,2.0,yolo12n,434,30.82650465899348,50.69124423963134
fog_l3,window,1.0,0.25,0.5,1.0,yolov8n,301,30.886248607572114,50.83056478405316
fog_l3,window,1.0,0.25,0.5,1.0,yolo11n,301,36.05934648418744,58.80398671096346
fog_l3,window,1.0,0.25,0.5,1.0,yolo12n,301,33.15683651604132,55.48172757475083
fog_l3,window,2.0,0.25,0.5,2.0,yolov8n,434,26.5837648387329,46.31336405529954
fog_l3,window,2.0,0.25,0.5,2.0,yolo11n,434,35.69657247736708,56.22119815668203
fog_l3,window,2.0,0.25,0.5,2.0,yolo12n,434,30.82650465899348,50.69124423963134
fog_l3,window,3.0,0.25,0.5,3.0,yolov8n,398,25.789916299695356,43.46733668341709
fog_l3,window,3.0,0.25,0.5,3.0,yolo11n,398,32.98395031061603,49.74874371859296
fog_l3,window,3.0,0.25,0.5,3.0,yolo12n,398,27.233948899273905,43.969849246231156
lowlight_l3,confidence,0.1,0.1,0.5,2.0,yolov8n,434,37.09036912786248,52.07373271889401
lowlight_l3,confidence,0.1,0.1,0.5,2.0,yolo11n,434,41.129383689247526,58.064516129032256
lowlight_l3,confidence,0.1,0.1,0.5,2.0,yolo12n,434,37.14767879055392,55.06912442396313
lowlight_l3,confidence,0.25,0.25,0.5,2.0,yolov8n,434,27.44222554193664,41.474654377880185
lowlight_l3,confidence,0.25,0.25,0.5,2.0,yolo11n,434,33.080740853938096,48.617511520737324
lowlight_l3,confidence,0.25,0.25,0.5,2.0,yolo12n,434,28.781607799266357,46.54377880184332
lowlight_l3,confidence,0.5,0.5,0.5,2.0,yolov8n,434,17.59022896190942,29.953917050691246
lowlight_l3,confidence,0.5,0.5,0.5,2.0,yolo11n,434,20.685987516482307,34.7926267281106
lowlight_l3,confidence,0.5,0.5,0.5,2.0,yolo12n,434,16.925072878736504,32.48847926267281
lowlight_l3,iou,0.3,0.25,0.3,2.0,yolov8n,434,28.6710571583515,42.3963133640553
lowlight_l3,iou,0.3,0.25,0.3,2.0,yolo11n,434,34.36390183488346,49.07834101382488
lowlight_l3,iou,0.3,0.25,0.3,2.0,yolo12n,434,30.40527562391923,47.465437788018434
lowlight_l3,iou,0.4,0.25,0.4,2.0,yolov8n,434,28.397838432118643,42.3963133640553
lowlight_l3,iou,0.4,0.25,0.4,2.0,yolo11n,434,34.10455976213728,48.8479262672811
lowlight_l3,iou,0.4,0.25,0.4,2.0,yolo12n,434,30.1811246058908,47.465437788018434
lowlight_l3,iou,0.5,0.25,0.5,2.0,yolov8n,434,27.44222554193664,41.474654377880185
lowlight_l3,iou,0.5,0.25,0.5,2.0,yolo11n,434,33.080740853938096,48.617511520737324
lowlight_l3,iou,0.5,0.25,0.5,2.0,yolo12n,434,28.781607799266357,46.54377880184332
lowlight_l3,window,1.0,0.25,0.5,1.0,yolov8n,301,31.116141892746832,46.51162790697674
lowlight_l3,window,1.0,0.25,0.5,1.0,yolo11n,301,35.325296978617835,52.49169435215947
lowlight_l3,window,1.0,0.25,0.5,1.0,yolo12n,301,30.56420367421503,49.16943521594684
lowlight_l3,window,2.0,0.25,0.5,2.0,yolov8n,434,27.44222554193664,41.474654377880185
lowlight_l3,window,2.0,0.25,0.5,2.0,yolo11n,434,33.080740853938096,48.617511520737324
lowlight_l3,window,2.0,0.25,0.5,2.0,yolo12n,434,28.781607799266357,46.54377880184332
lowlight_l3,window,3.0,0.25,0.5,3.0,yolov8n,398,26.45196690631273,36.93467336683417
lowlight_l3,window,3.0,0.25,0.5,3.0,yolo11n,398,29.872343420383327,42.462311557788944
lowlight_l3,window,3.0,0.25,0.5,3.0,yolo12n,398,26.569488755422622,40.95477386934673
motionblur_l3,confidence,0.1,0.1,0.5,2.0,yolov8n,434,24.130785816825483,49.53917050691244
motionblur_l3,confidence,0.1,0.1,0.5,2.0,yolo11n,434,27.75900946234778,54.83870967741935
motionblur_l3,confidence,0.1,0.1,0.5,2.0,yolo12n,434,17.44053527506815,43.54838709677419
motionblur_l3,confidence,0.25,0.25,0.5,2.0,yolov8n,434,16.23561299890965,37.096774193548384
motionblur_l3,confidence,0.25,0.25,0.5,2.0,yolo11n,434,18.92753879046111,43.77880184331797
motionblur_l3,confidence,0.25,0.25,0.5,2.0,yolo12n,434,11.180099331288837,33.41013824884793
motionblur_l3,confidence,0.5,0.5,0.5,2.0,yolov8n,434,8.14247604888705,21.658986175115206
motionblur_l3,confidence,0.5,0.5,0.5,2.0,yolo11n,434,10.167991159149027,31.10599078341014
motionblur_l3,confidence,0.5,0.5,0.5,2.0,yolo12n,434,6.134417199868761,20.506912442396313
motionblur_l3,iou,0.3,0.25,0.3,2.0,yolov8n,434,16.562439186781774,37.096774193548384
motionblur_l3,iou,0.3,0.25,0.3,2.0,yolo11n,434,19.327185615416496,44.00921658986175
motionblur_l3,iou,0.3,0.25,0.3,2.0,yolo12n,434,11.24432821976973,33.41013824884793
motionblur_l3,iou,0.4,0.25,0.4,2.0,yolov8n,434,16.499674803650315,37.096774193548384
motionblur_l3,iou,0.4,0.25,0.4,2.0,yolo11n,434,19.219620271761848,44.00921658986175
motionblur_l3,iou,0.4,0.25,0.4,2.0,yolo12n,434,11.24432821976973,33.41013824884793
motionblur_l3,iou,0.5,0.25,0.5,2.0,yolov8n,434,16.23561299890965,37.096774193548384
motionblur_l3,iou,0.5,0.25,0.5,2.0,yolo11n,434,18.92753879046111,43.77880184331797
motionblur_l3,iou,0.5,0.25,0.5,2.0,yolo12n,434,11.180099331288837,33.41013824884793
motionblur_l3,window,1.0,0.25,0.5,1.0,yolov8n,301,22.03738434370173,48.17275747508306
motionblur_l3,window,1.0,0.25,0.5,1.0,yolo11n,301,23.106586830164503,54.15282392026578
motionblur_l3,window,1.0,0.25,0.5,1.0,yolo12n,301,16.528024974455466,46.51162790697674
motionblur_l3,window,2.0,0.25,0.5,2.0,yolov8n,434,16.23561299890965,37.096774193548384
motionblur_l3,window,2.0,0.25,0.5,2.0,yolo11n,434,18.92753879046111,43.77880184331797
motionblur_l3,window,2.0,0.25,0.5,2.0,yolo12n,434,11.180099331288837,33.41013824884793
motionblur_l3,window,3.0,0.25,0.5,3.0,yolov8n,398,12.240972447035903,27.63819095477387
motionblur_l3,window,3.0,0.25,0.5,3.0,yolo11n,398,14.885826086878174,33.66834170854271
motionblur_l3,window,3.0,0.25,0.5,3.0,yolo12n,398,7.196661683183221,22.110552763819097
