condition,model,auc5_tracks,auc5_sequence_clusters,auc5,red_tracks,red_sequence_clusters,mean_longest_red_miss_seconds
clean,yolov8n,434,160,71.56233441445136,198,80,1.0106262956002745
clean,yolo11n,434,160,70.81697707901354,198,80,0.8976745581386065
clean,yolo12n,434,160,71.85310008888422,198,80,0.8768887459629714
fog_l1,yolov8n,434,160,58.78061142934633,198,80,1.4075945977008704
fog_l1,yolo11n,434,160,60.75620774299868,198,80,1.284339635059087
fog_l1,yolo12n,434,160,57.263063197861065,198,80,1.459409783584903
fog_l2,yolov8n,434,160,42.44021056434526,198,80,2.2008729077348805
fog_l2,yolo11n,434,160,46.042635265033915,198,80,1.8571887365495316
fog_l2,yolo12n,434,160,44.189418812501266,198,80,2.0458501998824303
fog_l3,yolov8n,434,160,26.583764838732883,198,80,2.816768280183426
fog_l3,yolo11n,434,160,35.69657247736707,198,80,2.258902812244916
fog_l3,yolo12n,434,160,30.826504658993485,198,80,2.706131012752803
lowlight_l1,yolov8n,434,160,66.48705928556382,198,80,1.165864034132524
lowlight_l1,yolo11n,434,160,66.4512588681164,198,80,1.0774232606695155
lowlight_l1,yolo12n,434,160,68.22123312181043,198,80,1.0631330735755689
lowlight_l2,yolov8n,434,160,52.08316306364701,198,80,1.829875865367928
lowlight_l2,yolo11n,434,160,54.594659849245986,198,80,1.6008618082663026
lowlight_l2,yolo12n,434,160,52.478261257646274,198,80,1.714419505812905
lowlight_l3,yolov8n,434,160,27.442225541936633,198,80,2.983807112231399
lowlight_l3,yolo11n,434,160,33.08074085393809,198,80,2.8243403519042816
lowlight_l3,yolo12n,434,160,28.781607799266347,198,80,2.9738484488593206
motionblur_l1,yolov8n,434,160,70.06756547409269,198,80,1.0613857796697905
motionblur_l1,yolo11n,434,160,69.86049583980015,198,80,0.9627625556907269
motionblur_l1,yolo12n,434,160,71.34412338107413,198,80,0.9380209927607064
motionblur_l2,yolov8n,434,160,51.53726496454757,198,80,2.1708749737402404
motionblur_l2,yolo11n,434,160,53.760821676474016,198,80,1.8672824483929258
motionblur_l2,yolo12n,434,160,50.29023148497128,198,80,2.073797926758275
motionblur_l3,yolov8n,434,160,16.235612998909666,198,80,3.8820292997841883
motionblur_l3,yolo11n,434,160,18.927538790461103,198,80,3.5939546173269097
motionblur_l3,yolo12n,434,160,11.180099331288844,198,80,4.010709769798048
