condition,comparison,auc5_tracks,auc5_sequence_clusters,auc5_change_difference_points,auc5_cluster_permutation_p,auc5_cluster_holm_p_global,red_tracks,red_sequence_clusters,red_duration_change_difference_seconds,red_duration_cluster_permutation_p,red_duration_cluster_holm_p_global
fog_l3,yolo11n - yolov8n,434,160,9.858164974072013,9.99990000099999e-06,8.999910000899992e-05,198,80,-0.4449137304768418,0.0004699953000469995,0.003289967100328997
fog_l3,yolo12n - yolov8n,434,160,3.951974145827755,0.028169718302816973,0.08450915490845091,198,80,0.023100282206679836,0.8654013459865402,1.0
fog_l3,yolo12n - yolo11n,434,160,-5.906190828244258,0.001009989900100999,0.005049949500504995,198,80,0.4680140126835216,1.999980000199998e-05,0.00017999820001799984
lowlight_l3,yolo11n - yolov8n,434,160,6.38387264743928,0.0002099979000209998,0.0014699853001469987,198,80,-0.04651502286544954,0.7027229727702723,1.0
lowlight_l3,yolo12n - yolov8n,434,160,1.0486165828968523,0.5247547524524755,0.5247547524524755,198,80,0.12377888626522487,0.37427625723742763,1.0
lowlight_l3,yolo12n - yolo11n,434,160,-5.3352560645424285,0.0036599634003659965,0.014639853601463986,198,80,0.1702939091306744,0.11516884831151689,0.5758442415575844
motionblur_l3,yolo11n - yolov8n,434,160,3.437283126989268,0.035819641803581964,0.08450915490845091,198,80,-0.1751229449956104,0.13356866431335687,0.5758442415575844
motionblur_l3,yolo12n - yolov8n,434,160,-5.346279342053673,0.0007999920000799992,0.004799952000479995,198,80,0.2624180196511625,0.012089879101208989,0.07253927460725393
motionblur_l3,yolo12n - yolo11n,434,160,-8.78356246904294,9.99990000099999e-06,8.999910000899992e-05,198,80,0.4375409646467729,1.999980000199998e-05,0.00017999820001799984
