metric,condition,parameter_family,parameter_value,best_model,best_value,margin_over_second
auc5,fog_l3,confidence,0.1,yolo11n,44.267853449017224,5.8559711627696345
auc5,fog_l3,confidence,0.25,yolo11n,35.69657247736708,4.870067818373599
auc5,fog_l3,confidence,0.5,yolo11n,21.731280390568042,4.722236466297904
auc5,fog_l3,iou,0.3,yolo11n,35.863230755801595,4.80763735309726
auc5,fog_l3,iou,0.4,yolo11n,35.863230755801595,4.829050989194968
auc5,fog_l3,iou,0.5,yolo11n,35.69657247736708,4.870067818373599
auc5,fog_l3,window,1.0,yolo11n,36.05934648418744,2.90250996814612
auc5,fog_l3,window,2.0,yolo11n,35.69657247736708,4.870067818373599
auc5,fog_l3,window,3.0,yolo11n,32.98395031061603,5.750001411342126
auc5,lowlight_l3,confidence,0.1,yolo11n,41.129383689247526,3.981704898693607
auc5,lowlight_l3,confidence,0.25,yolo11n,33.080740853938096,4.299133054671739
auc5,lowlight_l3,confidence,0.5,yolo11n,20.685987516482307,3.0957585545728854
auc5,lowlight_l3,iou,0.3,yolo11n,34.36390183488346,3.9586262109642263
auc5,lowlight_l3,iou,0.4,yolo11n,34.10455976213728,3.9234351562464767
auc5,lowlight_l3,iou,0.5,yolo11n,33.080740853938096,4.299133054671739
auc5,lowlight_l3,window,1.0,yolo11n,35.325296978617835,4.209155085871004
auc5,lowlight_l3,window,2.0,yolo11n,33.080740853938096,4.299133054671739
auc5,lowlight_l3,window,3.0,yolo11n,29.872343420383327,3.302854664960705
auc5,motionblur_l3,confidence,0.1,yolo11n,27.75900946234778,3.628223645522297
auc5,motionblur_l3,confidence,0.25,yolo11n,18.92753879046111,2.6919257915514585
auc5,motionblur_l3,confidence,0.5,yolo11n,10.167991159149027,2.0255151102619777
auc5,motionblur_l3,iou,0.3,yolo11n,19.327185615416496,2.764746428634723
auc5,motionblur_l3,iou,0.4,yolo11n,19.219620271761848,2.7199454681115327
auc5,motionblur_l3,iou,0.5,yolo11n,18.92753879046111,2.6919257915514585
auc5,motionblur_l3,window,1.0,yolo11n,23.106586830164503,1.0692024864627712
auc5,motionblur_l3,window,2.0,yolo11n,18.92753879046111,2.6919257915514585
auc5,motionblur_l3,window,3.0,yolo11n,14.885826086878174,2.644853639842271
red_duration,fog_l3,confidence,0.1,yolo11n,1.8570858143796825,0.3374676367249152
red_duration,fog_l3,confidence,0.25,yolo11n,2.258902812244916,0.4472282005078867
red_duration,fog_l3,confidence,0.5,yolo11n,3.0803463061650596,0.5181954099674417
red_duration,lowlight_l3,confidence,0.1,yolo12n,2.317674094980413,0.0019939294969195664
red_duration,lowlight_l3,confidence,0.25,yolo11n,2.8243403519042816,0.14950809695503908
red_duration,lowlight_l3,confidence,0.5,yolo11n,3.5518691335061585,0.2949901361658114
red_duration,motionblur_l3,confidence,0.1,yolo11n,2.943111879657013,0.44429195770109553
red_duration,motionblur_l3,confidence,0.25,yolo11n,3.5939546173269097,0.28807468245727863
red_duration,motionblur_l3,confidence,0.5,yolo11n,4.241388130669642,0.19877588869345342
