condition,confidence,model,red_tracks,mean_longest_complete_miss_seconds
fog_l3,0.1,yolov8n,198,2.331892551797809
fog_l3,0.25,yolov8n,198,2.816768280183426
fog_l3,0.5,yolov8n,198,3.627055451123401
fog_l3,0.1,yolo11n,198,1.8570858143796825
fog_l3,0.25,yolo11n,198,2.258902812244916
fog_l3,0.5,yolo11n,198,3.0803463061650596
fog_l3,0.1,yolo12n,198,2.1945534511045977
fog_l3,0.25,yolo12n,198,2.706131012752803
fog_l3,0.5,yolo12n,198,3.5985417161325013
lowlight_l3,0.1,yolov8n,198,2.3614322224048654
lowlight_l3,0.25,yolov8n,198,2.983807112231399
lowlight_l3,0.5,yolov8n,198,3.848098970422841
lowlight_l3,0.1,yolo11n,198,2.3196680244773327
lowlight_l3,0.25,yolo11n,198,2.8243403519042816
lowlight_l3,0.5,yolo11n,198,3.5518691335061585
lowlight_l3,0.1,yolo12n,198,2.317674094980413
lowlight_l3,0.25,yolo12n,198,2.9738484488593206
lowlight_l3,0.5,yolo12n,198,3.84685926967197
motionblur_l3,0.1,yolov8n,198,3.3874038373581086
motionblur_l3,0.25,yolov8n,198,3.8820292997841883
motionblur_l3,0.5,yolov8n,198,4.440164019363095
motionblur_l3,0.1,yolo11n,198,2.943111879657013
motionblur_l3,0.25,yolo11n,198,3.5939546173269097
motionblur_l3,0.5,yolo11n,198,4.241388130669642
motionblur_l3,0.1,yolo12n,198,3.5962491745900627
motionblur_l3,0.25,yolo12n,198,4.010709769798048
motionblur_l3,0.5,yolo12n,198,4.469494599284547
